dataset_name,duration_hours,language,description,license,url
LibriSpeech,"~1,000","English","Large-scale corpus of read English speech from LibriVox audiobooks, 16kHz, segmented and aligned. Widely used ASR benchmark.",CC BY 4.0,https://www.openslr.org/12/
Common Voice (Mozilla) v19,"~30,000+ validated","130+ languages","Crowdsourced multilingual speech dataset. Volunteers read sentences; community-validated. Largest open multilingual speech corpus by language count.",CC-0 (public domain),https://commonvoice.mozilla.org/en/datasets
GigaSpeech,"~10,000","English","Multi-domain English speech corpus from audiobooks, podcasts, and YouTube. Includes punctuated transcriptions. Designed for ASR and beyond.",Apache 2.0,https://github.com/SpeechColab/GigaSpeech
Emilia,"~101,000","6 languages (EN/ZH/DE/FR/JA/KO)","Large-scale multilingual in-the-wild speech dataset for speech generation (TTS). Diverse speaking styles from real-world sources. Includes Emilia-Pipe preprocessing pipeline.",CC-BY-NC-4.0 (Emilia) / CC-BY-4.0 (Emilia-YODAS),https://huggingface.co/datasets/amphion/Emilia-Dataset
VoxPopuli,"~400,000 unlabelled; ~1,800 transcribed","23 EU languages","Large-scale multilingual speech corpus from European Parliament recordings. Includes unlabelled audio and transcribed subsets for ASR and speech translation.",CC-0 (public domain),https://github.com/facebookresearch/voxpopuli
People's Speech,"30,000","English","Large-scale conversational English speech corpus from MLCommons. Sourced from diverse public domain sources for ASR training and evaluation.",CC-BY-SA 4.0,https://mlcommons.org/datasets/unsupervised-peoples-speech/
GigaSpeech 2,"30,000","Thai/Indonesian/Vietnamese + Southeast Asian","Large-scale multilingual Southeast Asian speech corpus from YouTube and podcasts. Extends GigaSpeech to cover low-resource SE Asian languages.",Apache 2.0,https://github.com/SpeechColab/GigaSpeech2
Libriheavy,"50,000","English","Massive ASR corpus from LibriVox audiobooks with punctuation, casing, and text context. Includes alignment toolkit.",CC BY 4.0,https://github.com/k2-fsa/libriheavy
Granary,N/A,"25 European languages","Large-scale speech dataset for recognition and translation across 25 European languages. First open-source effort at this scale for both tasks.",CC BY 4.0,https://arxiv.org/abs/2505.13404
MSR-86K,"86,300","15 languages","Evolving multilingual corpus from YouTube videos. 15 languages with transcribed ASR data. Competitive with Whisper when combined with other corpora.",CC BY 4.0,https://arxiv.org/abs/2406.18301
Hi-Fi TTS,"291.6","English","High-fidelity multi-speaker English TTS dataset. 10 speakers with at least 17 hours each, sampled at 44.1 kHz from LibriVox audiobooks.",CC BY 4.0,https://openslr.org/109/
Multilingual Spoken Words Corpus,"N/A (340k+ keywords)","50 languages","Large audio dataset of spoken words in 50 languages for keyword spotting and spoken term search. Over 340,000 keywords.",CC BY 4.0,https://mlcommons.org/datasets/multilingual-spoken-words/
RAVDESS,"~3","English","Ryerson Audio-Visual Database of Emotional Speech and Song. 7356 files from 24 professional actors with 8 emotions.",CC BY-NC-SA 4.0,https://zenodo.org/records/1188976
IEMOCAP,"12","English","Interactive Emotional Dyadic Motion Capture database from USC. Multimodal (audio+video+text) emotional speech with 10 speakers.",Academic license,https://sail.usc.edu/iemocap/
GTSinger,"80+","9 languages","Global multi-technique singing corpus with realistic music scores. NeurIPS 2024 Spotlight. Designed for all singing tasks.",CC BY-NC-SA 4.0,https://huggingface.co/datasets/GTSinger/GTSinger
VocalSet,"10.1","English","Singing voice dataset with 20 professional singers demonstrating standard and extended vocal techniques on all 5 vowels.",CC BY 4.0,https://zenodo.org/records/1193957
SingNet,"3,000","Multilingual","Large-scale in-the-wild singing voice dataset with various languages, singers, and styles. Open-source processing pipeline.",CC BY-NC 4.0,https://arxiv.org/abs/2505.09325
MUSDB18,"~10 (150 tracks)","Various","Standard benchmark for music source separation. 150 full-track songs with isolated stems (vocals, drums, bass, other).",CC BY-NC-SA 4.0,https://zenodo.org/records/1117372
MoisesDB,"~15 (240 tracks)","Various","Music source separation dataset beyond 4-stems. 240 tracks with fine-grained stem annotations across multiple genres.",Custom research,https://huggingface.co/datasets/wearemusicai/moisesdb
DNS Challenge Dataset,"500+ (clean speech)","Multilingual","Microsoft Deep Noise Suppression Challenge dataset. Clean speech and noise clips for training speech enhancement models.",Open (various),https://github.com/microsoft/DNS-Challenge
FSD50K,"~100+ (51,197 clips)","N/A (non-speech)","Open dataset of 51,197 human-labeled sound events from Freesound. 200 sound classes based on AudioSet ontology.",CC BY 4.0,https://zenodo.org/records/4060432
AudioSet,"~13,000+ (2M clips)","N/A (multilingual)","Google's large-scale audio event dataset. 2M+ human-labeled 10-second YouTube clips across 632 sound event categories.",CC BY 4.0,https://research.google.com/audioset/
ESC-50,"~2.8 (2000 clips)","N/A (non-speech)","Environmental Sound Classification dataset. 2000 five-second recordings in 50 classes across 5 major categories.",CC BY-NC 3.0,https://github.com/karolpiczak/ESC-50
Xeno-Canto,"N/A (800k+ recordings)","N/A (bird sounds)","Community-driven bird sound collection from around the world. 800,000+ recordings of 10,000+ bird species.",CC (various per recording),https://xeno-canto.org/
COUGHVID,"N/A (25,000+ recordings)","Multilingual","Crowdsourced cough audio dataset for respiratory disease detection. Expert-labeled subset of 2,800+ recordings.",CC BY 4.0,https://zenodo.org/records/4048312
AISHELL-1,"178","Mandarin Chinese","Open-source Mandarin speech corpus. 400 speakers from different accent areas recorded in quiet indoor environment.",Apache 2.0,https://www.openslr.org/33/
AISHELL-2,"1,000","Mandarin Chinese","Large-scale Mandarin speech corpus covering wake words, voice control, smart home, autonomous driving, and more.",Apache 2.0,https://aishelltech.com/aishell_2
WenetSpeech,"10,000+","Mandarin Chinese","Multi-domain Mandarin corpus from YouTube and Podcasts. 10,000+ hours labeled, 2,400+ weakly labeled, ~10,000 unlabeled.",CC BY 4.0,https://github.com/wenet-e2e/WenetSpeech
KsponSpeech,"969","Korean","Large-scale spontaneous Korean speech corpus. ~2,000 native Korean speakers in open-domain dialog conversations.",CC BY-SA 4.0,https://huggingface.co/datasets/cheulyop/ksponspeech
Zeroth-Korean,"52.6","Korean","Free Korean speech corpus for ASR. Includes pre-trained language model and lexicon. Read speech from volunteers.",CC BY 4.0,https://www.openslr.org/40/
Corpus of Spontaneous Japanese (CSJ),"650","Japanese","Large-scale spontaneous Japanese speech corpus. Academic talks, simulated public speaking, and dialog. Richly annotated.",Academic license,https://clrd.ninjal.ac.jp/csj/en/
AMI Corpus,"100","English","Multimodal dataset of English four-person meetings with synchronized audio, video, and annotations for dialogue analysis.",CC BY 4.0,https://groups.inf.ed.ac.uk/ami/corpus/
CHiME-5/6,"~50","English","Far-field speech in noisy home environments. Multi-microphone recordings of dinner parties for robust ASR research.",Custom license,https://openslr.org/150/
VoxCeleb 1+2,"~2,442","Multilingual","Large-scale speaker recognition dataset. 1M+ utterances from 7,000+ celebrities. Widely used for speaker verification.",CC BY-SA 4.0,https://www.robots.ox.ac.uk/~vgg/data/voxceleb/
Google Speech Commands,"~18 (65,000 clips)","English","One-second audio clips of 35 spoken words for keyword spotting. Designed for small-footprint on-device models.",CC BY 4.0,https://arxiv.org/abs/1804.03209
VCTK,"~44","English","Multi-speaker English corpus. 109 speakers with diverse accents reading newspaper sentences. Popular for TTS and voice conversion.",CC BY 4.0,https://www.openslr.org/80/
LJSpeech,"~24","English","Single-speaker English TTS dataset. 13,100 short audio clips from a female speaker reading passages from 7 non-fiction books.",Public Domain,https://keithito.com/LJ-Speech-Dataset/
LibriTTS,"585","English","Multi-speaker English corpus for TTS research derived from LibriSpeech. Clean audio at 24kHz with sentence-level splits.",CC BY 4.0,https://www.openslr.org/60/
TED-LIUM Release 3,"452","English","TED talks ASR corpus. 2,351 talks with aligned transcriptions. Widely used benchmark for speech recognition.",CC BY-NC-ND 3.0,https://www.openslr.org/51/
CoVoST 2,"N/A (~2,900 hours)","36 languages","Large-scale multilingual speech translation corpus built on Common Voice. Covers translation from 21 languages into English.",CC-0,https://github.com/facebookresearch/covost
MuST-C,"~500","English to 14 languages","Multilingual Speech Translation Corpus from TED talks. English audio paired with translations in 14 target languages.",CC BY-NC-ND 4.0,https://ict.fbk.eu/must-c/
FLEURS,"~12 per language","102 languages","Few-shot Learning Evaluation of Universal Representations of Speech. Parallel speech data across 102 languages for evaluation.",CC BY 4.0,https://huggingface.co/datasets/google/fleurs
Spotify Podcast Dataset,"~100,000 episodes","English","Large collection of podcast episodes with transcripts. Released for research in speech and NLP tasks.",Research only,https://podcastsdataset.byspotify.com/
AliMeeting,"120","Mandarin Chinese","Real meeting recordings with 8-mic circular array. Multi-speaker Mandarin with ~42% overlap ratio. For diarization and ASR.",CC BY-SA 4.0,https://www.openslr.org/119/
Att-HACK,"30","French","French expressive speech database. 25 actors portraying 4 interpersonal attitudes with 22,000+ utterances.",CC BY 4.0,https://arxiv.org/abs/2004.04410
Audiocite,"6,682","French","Large French audiobook corpus from Audiocite platform. For self-supervised pre-training and French ASR research.",CC BY (various),https://aclanthology.org/2024.lrec-main.159
MUSAN,"~28","Multilingual","Music, Speech, and Noise corpus. Diverse collection for data augmentation in speech/audio processing tasks.",Various open,https://www.openslr.org/17/
UrbanSound8K,"~8.75 (8,732 clips)","N/A (urban sounds)","Urban sound classification dataset. 8,732 labeled sound excerpts of 10 urban sound classes from field recordings.",CC BY-NC 4.0,https://urbansounddataset.weebly.com/
Free Spoken Digit Dataset,"~0.5","English","Open dataset of spoken digits (0-9). 3,000 recordings from 6 speakers. Simple benchmark for audio classification.",CC BY-SA 4.0,https://github.com/Jakobovski/free-spoken-digit-dataset
MAESTRO,"200","N/A (piano)","MIDI and Audio Edited for Synchronous TRacks and Organization. 200 hours of virtuosic piano performances with aligned MIDI.",CC BY-NC-SA 4.0,https://magenta.tensorflow.org/datasets/maestro
NSynth,"~305,979 notes","N/A (instruments)","Large-scale dataset of annotated musical notes from 1,006 instruments. Each note has pitch, velocity, and instrument labels.",CC BY 4.0,https://magenta.tensorflow.org/datasets/nsynth
FMA (Free Music Archive),"~917 (106,574 tracks)","Various","Open and easily accessible music dataset. 106k tracks from 16,341 artists in 161 genres for music analysis research.",CC (various),https://github.com/mdeff/fma
AudioCaps,"N/A (~50k captions)","English","Large-scale audio captioning dataset. ~50,000 audio clips from AudioSet with human-written captions.",CC BY 4.0,https://audiocaps.github.io/
Clotho,"N/A (~5,000 clips)","English","Audio captioning dataset with 4,981 audio samples. Each clip has 5 captions. Designed for automated audio captioning.",Public,https://zenodo.org/records/3490684
Libri-Light,"60,000","English","Large-scale unlabeled English speech dataset from LibriVox. Designed for semi-supervised and unsupervised speech research.",CC BY 4.0,https://github.com/facebookresearch/libri-light
SPGISpeech,"5,000","English","Transcribed financial English audio. Professional transcripts from S&P Global earnings calls with formatting annotations.",Custom research,https://datasets.kensho.com/datasets/spgispeech
Earnings-21,"39","English","ASR benchmark of earnings calls. Long-form English audio with diverse accents and financial terminology.",CC BY-SA 4.0,https://github.com/revdotcom/speech-datasets
SlideSpeech,"~1,700","English/Mandarin","Multimodal corpus pairing speech with presentation slides. For contextual ASR using visual document information.",CC BY 4.0,https://slidespeech.github.io/
YODAS,"370,000+","140+ languages","YouTube-Oriented Dataset for Audio and Speech. Massive multilingual corpus from YouTube for speech/audio research.",CC BY 4.0,https://huggingface.co/datasets/espnet/yodas
VoxLingua107,"~6,628","107 languages","Language identification dataset from YouTube. Short speech segments covering 107 languages for spoken LID.",CC BY 4.0,https://bark.phon.ioc.ee/voxlingua107/
Multilingual LibriSpeech (MLS),"50,000+","8 languages","Large multilingual read speech corpus from LibriVox. English, German, Dutch, French, Spanish, Italian, Portuguese, Polish.",CC BY 4.0,https://www.openslr.org/94/
Switchboard,"~260","English","Classic conversational English telephone speech corpus. ~2,400 two-sided telephone conversations among 543 speakers.",LDC license,https://catalog.ldc.upenn.edu/LDC97S62
TIMIT,"~5","English","Phonemically balanced read English speech corpus. 630 speakers of 8 major dialects. Standard benchmark for phoneme recognition.",LDC license,https://catalog.ldc.upenn.edu/LDC93S1
Omnilingual ASR Corpus,N/A,"1600+ languages","Meta's massive multilingual speech corpus for ASR. Covers over 1,600 languages including 350+ previously underserved.",CC BY 4.0,https://huggingface.co/datasets/facebook/omnilingual-asr-corpus
EARS,"~100","English","Anechoic fullband speech dataset for speech enhancement and dereverberation. Multiple speaking styles and emotional speech.",CC BY 4.0,https://sp-uhh.github.io/ears_dataset/
BirdSet (Xeno-Canto derived),"N/A","N/A (bird sounds)","Dataset and benchmark for classification in avian bioacoustics. Sourced from Xeno-Canto with expert-annotated soundscapes.",CC BY-NC 4.0,https://arxiv.org/abs/2403.10380
DCASE Datasets,"N/A","N/A (various sounds)","Collection of datasets for sound event detection, acoustic scene classification, and audio tagging from DCASE challenges.",Various open,https://dcase-repo.github.io/dcase_datalist/
DataSED,"N/A (717 tracks)","N/A (environmental noise)","Open-access dataset for sound event detection of outdoor environmental noise. 717 WAV audio tracks at 44.1 kHz.",CC BY 4.0,https://zenodo.org/records/15346092
SiDi KWS,"N/A","Multilingual","Largest public dataset for keyword spotting. Generated using forced alignment tools with public datasets.",CC BY 4.0,https://michel-meneses.github.io/sidi-kws/
Hume-VB,N/A,"English","Vocal Burst dataset from Hume AI for non-speech vocalization understanding. Annotated for emotional expression.",Research license,https://huggingface.co/datasets/HumeAI/hume-vb
SEAME,"~63","Mandarin-English","Code-switching speech corpus. Mandarin-English conversational and interview speech from bilingual speakers in SE Asia.",LDC license,https://catalog.ldc.upenn.edu/LDC2015S04
Fisher Corpus,"~2,000","English","Large conversational English telephone speech corpus. ~11,000 conversations on assigned topics between strangers.",LDC license,https://catalog.ldc.upenn.edu/LDC2004T19
Wall Street Journal (WSJ),"~80","English","Classic read English speech corpus from Wall Street Journal text. Standard ASR benchmark dataset.",LDC license,https://catalog.ldc.upenn.edu/LDC93S6A
VoxForge,"N/A","Multilingual","Community-contributed open speech corpus. Users submit recordings for ASR development in multiple languages.",GPL,https://www.voxforge.org/
M-AILABS Speech Dataset,"~1,000","9 languages","Multilingual speech dataset for TTS research. German, English, Spanish, Italian, Ukrainian, Russian, French, Polish, Georgian.",Custom open,https://www.caito.de/2019/01/03/the-m-ailabs-speech-dataset/
CREMA-D,"~7","English","Crowd-sourced Emotional Multimodal Actors Dataset. 7,442 clips from 91 actors with 6 emotions at 4 intensity levels.",Open,https://github.com/CheyneyComputerScience/CREMA-D
SAVEE,"~0.5","English","Surrey Audio-Visual Expressed Emotion database. 480 utterances from 4 male actors expressing 7 emotions.",CC BY 4.0,https://kahlan.eps.surrey.ac.uk/savee/
EmoDB (Berlin Database of Emotional Speech),"~0.4","German","Classic emotional speech database. 535 utterances from 10 professional actors expressing 7 emotions in German.",Free for research,https://www.kaggle.com/datasets/piyushagni5/berlin-database-of-emotional-speech-emodb
DAPS (Device and Produced Speech),"~4.5","English","Dataset of professional and amateur recordings. 20 speakers reading 5 passages each in multiple recording conditions.",CC BY 4.0,https://zenodo.org/records/4660670
GigaST,"10,000+","English","Speech translation dataset built on GigaSpeech. Pseudo labels for English-German and English-Chinese translation.",Apache 2.0,https://github.com/bytedance/GigaST
Europarl-ST,"N/A","9 EU languages","Speech translation corpus from European Parliament proceedings. Aligned speech-translation pairs for 9 language pairs.",CC BY-NC 4.0,https://www.mllp.upv.es/europarl-st/
CALLHOME,"~16","6 languages","Telephone speech corpus in 6 languages. Unscripted conversations between native speakers. Used for diarization benchmarks.",LDC license,https://catalog.ldc.upenn.edu/LDC97S42
CN-Celeb,"~1,000","Mandarin Chinese","Chinese celebrity speech dataset for speaker recognition. Multi-genre recordings from 3,000 Chinese celebrities.",CC BY-SA 4.0,https://openslr.org/82/
Coswara,"N/A","Multilingual","Respiratory sound dataset including cough, breathing, and voice samples for COVID-19 diagnosis research.",CC BY 4.0,https://github.com/iiscleap/Coswara-Data
Arabic Speech Corpus,"3.7","Arabic (MSA)","Modern Standard Arabic speech corpus for TTS. Professional recordings with phoneme-level alignment and stress annotations.",CC BY 4.0,https://en.arabicspeechcorpus.com/
CML-TTS,"~3,000","7 languages","Multilingual TTS dataset from LibriVox audiobooks. Dutch, French, German, Italian, Portuguese, Polish, Spanish.",CC BY 4.0,https://github.com/freds0/CML-TTS
BibleTTS,"~86","10 African languages","TTS corpus for 10 African languages from Bible recordings. High-quality single-speaker recordings per language.",CC BY-SA 4.0,https://masakhane-io.github.io/bibleTTS/
AESDD,"~0.8","Greek","Acted Emotional Speech Dynamic Database. Greek emotional speech for speech emotion recognition research.",Free for research,https://zenodo.org/records/4688472
CommonPhone,"~116","7 languages","Phone-annotated multilingual speech corpus from Common Voice. Phonetic annotations for French, German, Italian, Spanish, etc.",CC-0,https://zenodo.org/records/5846137
J-CHAT,"N/A","Japanese","Japanese large-scale spoken dialogue corpus. Open-source, automatically collected from web for conversational speech research.",CC BY 4.0,https://arxiv.org/abs/2407.15828
JVNV,"N/A","Japanese","Japanese emotional speech corpus with verbal and nonverbal vocalizations. Phoneme-balanced with emotion annotations.",CC BY-SA 4.0,https://sites.google.com/site/shinnosuketakamichi/publication/corpus
VibraVox,"N/A","French","Multi-sensor French speech corpus using body-conduction sensors. Novel dataset for alternative speech capture methods.",CC BY 4.0,https://arxiv.org/abs/2305.11262
Golos,"~1,240","Russian","Large-scale Russian ASR dataset. Crowdsourced and scraped recordings for Russian speech recognition.",CC BY-SA 4.0,https://github.com/sberdevices/golos
MedleyDB,"~7 (122 tracks)","Various","Multitrack music dataset for source separation and pitch tracking. 122 songs with instrument annotations.",CC BY-NC-SA 4.0,https://medleydb.weebly.com/
IRMAS,"N/A (~6,705 clips)","N/A (instruments)","Instrument Recognition in Musical Audio Signals. Audio excerpts annotated with predominant instrument labels.",CC BY-SA 3.0,https://www.upf.edu/web/mtg/irmas
PhysioNet Heart Sound (CinC 2016),"N/A (3,240 recordings)","N/A (heart sounds)","Phonocardiogram dataset from PhysioNet/CinC 2016 Challenge. Heart sound recordings classified as normal or abnormal.",Open Data Commons,https://physionet.org/content/challenge-2016/
whi-SPERs,"N/A","English","Whispered speech corpus for studying whispered vs normal speech. Multiple speakers with parallel recordings.",Research license,https://zenodo.org/records/7544412
OGI Kids' Speech,"~100","English","Children's speech corpus from Oregon Graduate Institute. Read and spontaneous speech from children aged 5-15.",LDC license,https://catalog.ldc.upenn.edu/LDC2007S18
My Science Tutor (MyST),"~393","English","Children's conversational speech corpus. Students aged 8-11 conversing with virtual science tutor.",CC BY-NC-SA 4.0,https://www.openslr.org/152/
DementiaBank Pitt Corpus,"~10","English","Elderly speech corpus from Cookie Theft picture descriptions. Used for dementia/Alzheimer's detection research.",TalkBank license,https://dementia.talkbank.org/
L2-ARCTIC,"~27","Accented English","Non-native English speech corpus. 24 speakers from 6 L1 backgrounds with phonetic error annotations.",CC BY-NC 4.0,https://psi.engr.tamu.edu/l2-arctic-corpus/
Deep Noise Suppression (DEMAND),"N/A","N/A (noise)","Diverse Environments Multichannel Acoustic Noise Database. 18 real-world noise environments recorded with 16-channel arrays.",Free for research,https://zenodo.org/records/1227121
RIR (Room Impulse Response) Dataset,"N/A","N/A (acoustics)","Room impulse responses for simulating reverberant environments. Used for data augmentation in speech processing.",CC BY 4.0,https://www.openslr.org/28/
TAU Urban Acoustic Scenes,"~64","N/A (acoustic scenes)","Urban acoustic scene classification dataset from DCASE. 10 acoustic scene classes recorded in 12 European cities.",CC BY 4.0,https://zenodo.org/records/2589280
GTZAN,"~8 (1,000 clips)","N/A (music)","Music genre classification dataset. 1,000 30-second tracks across 10 genres. Classic music IR benchmark.",Research only,http://marsyas.info/downloads/datasets.html
MusicNet,"~34 (330 pieces)","N/A (classical music)","Large classical music dataset with aligned dynamic MIDI annotations. 330 freely-licensed recordings.",CC BY 4.0,https://zenodo.org/records/5120004
Whale FM,"N/A (17,000+ calls)","N/A (whale sounds)","Citizen science whale call classification dataset. Orca and pilot whale call recordings for marine bioacoustics.",CC BY 3.0,https://whale.fm/
Best Practices in Underwater Sound (Watkins),"N/A (15,000+ clips)","N/A (marine)","Watkins Marine Mammal Sound Database from Woods Hole. 15,000+ recordings of 187 species of marine mammals.",Free for research,https://cis.whoi.edu/science/B/whalesounds/
VIVAE,"~1.5","Non-speech (vocal bursts)","Variably Intense Vocalizations of Affect and Emotion. Non-speech vocalizations rated for emotional dimensions.",CC BY 4.0,https://zenodo.org/records/4066235
CSS10,"~24","10 languages","Clean Single-Speaker Speech dataset for TTS. Single speakers in 10 languages from LibriVox audiobooks.",CC BY 4.0,https://github.com/Kyubyong/css10
AISHELL-4,"~120","Mandarin Chinese","Real-world meeting Mandarin speech corpus. 8-channel circular microphone array recordings in multiple rooms.",CC BY-SA 4.0,https://www.openslr.org/111/
ASCEND,"~10","Mandarin-English","Code-switching Mandarin-English corpus from Hong Kong. Spontaneous conversational speech with language labels.",CC BY 4.0,https://huggingface.co/datasets/CAiRE/ASCEND
GigaSpeech (African),"N/A","African languages","Extension of GigaSpeech covering African language speech data for ASR research in low-resource settings.",Apache 2.0,https://github.com/SpeechColab/GigaSpeech
MagicData Mandarin,"755","Mandarin Chinese","Conversational Mandarin speech corpus. Mobile recordings from 1,000+ speakers across China.",CC BY-NC-ND 4.0,https://www.openslr.org/68/
Loquacious Set,"~25,000",English,"Large-scale curated English ASR corpus with diverse accents and speech types (read, spontaneous, talks, clean, noisy). Hundreds of thousands of speakers. Commercially usable.",CC-BY-4.0,https://arxiv.org/abs/2505.21578
Unsupervised People's Speech,"~100,000+",Multilingual,Massive multilingual audio dataset built from Archive.org recordings. Public domain or CC-BY/CC-BY-SA licensed audio for unsupervised speech model training.,CC-BY / CC-BY-SA / Public Domain,https://mlcommons.org/2025/01/new-unsupervised-peoples-speech/
VoxBlink2,N/A,Multilingual,Large-scale audio-visual speaker recognition dataset with ~10M utterances from 110K+ speakers in the wild. Extracted from YouTube.,Research use,https://arxiv.org/abs/2407.11510
3D-Speaker Dataset,"~10,000",Chinese/English,Large-scale speech corpus for speaker verification and recognition with disentangled speech representations. Multi-modal (audio + visual).,Apache 2.0,https://3dspeaker.github.io/
BSD10k,N/A,Multilingual,"Broad Sound Dataset with 10,000+ Freesound audio clips annotated according to 23 second-level classes of the Broad Sound Taxonomy (BST).",CC-BY,https://labs.freesound.org/datasets/
THCHS-30,~30,Chinese,Free Chinese speech corpus released by CSLT@Tsinghua University. Read speech for ASR research.,Apache 2.0,https://www.openslr.org/18/
THUYG-20,~20,Uyghur,Free Uyghur speech database released by CSLT@Tsinghua University & Xinjiang University for ASR.,Apache 2.0,https://www.openslr.org/22/
aidatatang_200zh,200,Chinese,Chinese Mandarin speech corpus by Beijing DataTang Technology. 200 hours from 600 speakers with >98% transcription accuracy.,CC-BY-NC-ND-4.0,https://www.openslr.org/62/
Primewords Chinese Corpus Set 1,100,Chinese,Chinese Mandarin corpus by Shanghai Primewords Co. Ltd. containing 100 hours of speech data.,CC-BY-NC-SA-4.0,https://www.openslr.org/47/
AISHELL-3,~85,Chinese,Multi-speaker Mandarin TTS corpus by Beijing Shell Shell Technology. High-quality recordings for speech synthesis research.,Apache 2.0,https://www.openslr.org/93/
Kazakh Speech Corpus (KSC),330,Kazakh,Crowdsourced open-source Kazakh speech corpus developed by ISSAI for ASR research.,CC-BY-4.0,https://www.openslr.org/102/
Russian LibriSpeech (RuLS),~98,Russian,Russian speech corpus based on LibriVox audiobooks for ASR research.,CC-BY-4.0,https://www.openslr.org/96/
EmoV_DB,~7,English/French,Emotional speech database for synthesis and generation. Male and female actors with multiple emotions.,Open source,https://www.openslr.org/115/
Samromur Icelandic,~100+,Icelandic,"Crowdsourced Icelandic speech corpus (Samrómur) including adult speakers, children, and query-focused subsets.",CC-BY-4.0,https://www.openslr.org/112/
speechocean762,~5,English/Chinese,Pronunciation scoring dataset with utterances labeled independently by five human experts.,CC-BY-4.0,https://www.openslr.org/101/
MediaSpeech,~40,French/Arabic/Turkish/Spanish,Media speech datasets from broadcast news for ASR evaluation in 4 languages.,CC-BY-4.0,https://www.openslr.org/108/
Thorsten German Neutral-TTS,~23,German,Free single German speaker TTS dataset by Thorsten Müller for text-to-speech training.,CC-0,https://www.openslr.org/95/
Thorsten German Emotional-TTS,~5,German,Free emotional single German speaker dataset (8 emotions) by Thorsten Müller for TTS training.,CC-0,https://www.openslr.org/110/
Seoul Corpus,~100,Korean,Korean Corpus of Spontaneous Speech created from NRF(Korea)-funded project for speech research.,CC-BY-NC-SA-4.0,https://www.openslr.org/113/
RWCP Sound Scene Database,N/A,N/A (non-speech),Database of recordings of real-world sounds and measured room impulse responses for audio scene analysis.,Research use,https://www.openslr.org/13/
HI-MIA,~10,Chinese,Far-field text-dependent speaker verification database for AISHELL Speaker Verification Challenge 2019.,Apache 2.0,https://www.openslr.org/85/
MobvoiHotwords,~40,Chinese,Chinese hotwords/wake-word detection dataset provided by Mobvoi Co. Ltd.,CC-BY-4.0,https://www.openslr.org/87/
Multilingual TEDx,~800,8 languages,Multilingual corpus of TEDx talks for speech recognition and translation tasks.,CC-BY-NC-ND-4.0,https://www.openslr.org/100/
ParlamentParla,~600,Catalan,Catalan speech corpus generated from Catalan Parliamentary sessions for ASR.,CC-BY-4.0,https://www.openslr.org/59/
African Accented French,~20,French (African accents),Recordings of African Accented French speech for accent-robust ASR research.,CC-BY-SA-4.0,https://www.openslr.org/57/
IndicST Dataset,"~10,800",22 Indian languages,Dataset for training Speech LLMs for AST tasks (ASR and TTS). 10.8K hours training + 1.13K hours evaluation.,Research use,https://ai-labs.olakrutrim.com/models/IndicST-Dataset
Deeply Korean Read Speech Corpus,~50,Korean,Pairs of Korean readers with 3 text/vocal sentiments. Recorded at 3 distances in 3 place types.,CC-BY-NC-ND-4.0,https://www.openslr.org/97/
Deeply Nonverbal Vocalization Dataset,~2,Multilingual,"Human nonverbal vocal sound dataset (laughter, cries, sighs, etc.) by Deeply Inc.",CC-BY-NC-ND-4.0,https://www.openslr.org/99/
Free ST Chinese Mandarin Corpus,~100,Chinese,"Chinese Mandarin corpus by Surfingtech. 855 speakers, 102,600 utterances.",CC-BY-SA-4.0,https://www.openslr.org/38/
Pansori-TEDxKR,~3,Korean,Korean speech corpus from Korean language TEDx talks.,CC-BY-NC-ND-4.0,https://www.openslr.org/58/
ALFFA,~30,Amharic/Swahili/Wolof,"African Languages in the Field: speech corpora for Amharic, Swahili and Wolof from the ALFFA project.",MIT,https://www.openslr.org/25/
Heroico,~13,Spanish,Spanish speech data mirrored from the LDC.,LDC User Agreement,https://www.openslr.org/39/
OpenCpop,~5.2,Chinese,High-quality Mandarin singing voice corpus for singing voice synthesis research. 100 songs with note-level annotations.,CC-BY-NC-4.0,https://wenet.org.cn/opencpop/
OpenSinger,~50,Chinese,Large-scale multi-singer Chinese singing voice dataset with phoneme-level annotations for SVS.,CC-BY-NC-SA-4.0,https://github.com/Multi-Singer/Multi-Singer.github.io
MELD,~13,English,Multimodal EmotionLines Dataset with ~13K utterances from Friends TV series annotated for emotion and sentiment.,GPL-3.0,https://affective-meld.github.io/
ESD (Emotional Speech Dataset),~29,English/Chinese,Emotional Speech Dataset with 5 emotions from 10 English and 10 Chinese speakers for emotional TTS/VC.,CC-BY-NC-SA-4.0,https://github.com/HLTSingapore/Emotional-Speech-Data
LibriTTS-R,~585,English,Restored version of LibriTTS with improved audio quality using speech restoration. Same text as LibriTTS.,CC-BY-4.0,https://www.openslr.org/141/
Aachen Impulse Response Database (AIR),N/A,N/A (impulse responses),Database of room impulse responses for audio augmentation and room acoustic simulation.,MIT,https://www.openslr.org/20/
WenetSpeech4TTS,"~12,800",Chinese,Curated subset of WenetSpeech for TTS training. Multi-speaker Chinese speech with quality filtering.,CC-BY-4.0,https://huggingface.co/datasets/Wenetspeech4TTS/WenetSpeech4TTS
Vystadial,~40,English/Czech,English and Czech speech data from the Vystadial project for dialogue systems.,CC-BY-SA-3.0,https://www.openslr.org/6/
1111 Hours Hindi ASR,"~1,111",Hindi,Large-scale Hindi ASR dataset for the Hindi ASR Challenge 2022.,CC-BY-4.0,https://www.openslr.org/118/
Deeply Parent-Child Vocal Interaction,~10,Korean,"Parent-child interaction dataset (fairy tales, songs, conversation) recorded at various distances and environments.",CC-BY-NC-ND-4.0,https://www.openslr.org/98/
West African Radio Corpus,~5,West African languages,West African Radio Corpus from the NicoLingua project for underresourced language ASR.,CC-BY-NC-SA-4.0,https://www.openslr.org/105/
Puebla-Nahuatl,~5,Nahuatl,Puebla Nahuatl speech with transcription for endangered language documentation and ASR.,CC-BY-4.0,https://www.openslr.org/92/
Yoloxochitl-Mixtec,~3,Mixtec,Yolóxochitl Mixtec speech with transcription for endangered language documentation.,CC-BY-4.0,https://www.openslr.org/89/
Totonac Resources,~3,Totonac,Totonac speech with transcription for endangered language ASR and documentation.,CC-BY-4.0,https://www.openslr.org/107/
AudioMNIST,~10,English,"30,000 audio samples of spoken digits (0-9) from 60 different speakers for digit recognition.",CC-BY-4.0,https://github.com/soerenab/AudioMNIST
CMU-MOSEI,~65,English,65 hours of annotated video from 1000+ speakers and 250 topics. 6 emotions with Likert scale sentiment annotations.,Research use,http://multicomp.cs.cmu.edu/resources/cmu-mosei-dataset/
CMU-MOSI,~5,English,"2,199 opinion utterances with annotated sentiment on seven Likert steps. Multimodal (audio+video+text).",Research use,http://multicomp.cs.cmu.edu/resources/cmu-mosi-dataset/
DEMoS,~10,Italian,"9,365 emotional and 332 neutral samples by 68 native Italian speakers with 7 emotions including guilt.",Research use,https://zenodo.org/records/2544829
JL Corpus,~3,English,"2,400 recordings of 240 sentences by 4 actors with 5 primary and 5 secondary emotions for emotional TTS.",CC-BY-4.0,https://github.com/tli725/JL-Corpus
NISQA Speech Quality Corpus,~50,Multiple,14K speech samples with simulated and live voice call degradation. Labeled with subjective quality ratings.,MIT,https://github.com/gabrielmittag/NISQA
Noisy VCTK (VBD),~30,English,Clean and noisy parallel speech database at 48kHz. Voice Bank + DEMAND for speech enhancement research.,CC-BY-4.0,https://datashare.ed.ac.uk/handle/10283/2791
LibriMix,~100,English,Open source dataset for source separation in noisy environments. Derived from LibriSpeech + WHAM noise.,CC-BY-4.0,https://github.com/JorisCos/LibriMix
Libri-CSS,~10,English,Conversational speech simulation derived from LibriSpeech. Far-field microphone recordings of replayed conversations.,CC-BY-4.0,https://github.com/chenzhuo1011/libri_css
Microsoft MS-SNSD,N/A,English,"Microsoft Scalable Noisy Speech Dataset. Scalable to arbitrary sizes with various speakers, noise types, and SNR levels.",MIT,https://github.com/microsoft/MS-SNSD
Flickr Audio Caption,~40,English,"40,000 spoken captions of 8,000 natural images for audio-visual learning. 4.2 GB.",CC-BY-4.0,https://groups.csail.mit.edu/sls/downloads/flickraudio/
DIPCO (Dinner Party Corpus),~5,English,Dinner party recordings with close-talk and 5 far-field 7-mic arrays. 10 sessions of 15-45 minutes each.,CC-BY-SA-4.0,https://arxiv.org/abs/1909.13447
MSP-Podcast Corpus,~100,English,"100 hours from 100+ speakers annotated with emotional attributes (activation, dominance, valence) and categorical labels.",Research use,https://ecs.utdallas.edu/research/researchlabs/msp-lab/MSP-Podcast.html
Vaani,N/A,Indian languages,Large-scale Indian multilingual speech dataset by ARTPARK-IISc for ASR across Indian languages.,CC-BY-4.0,https://huggingface.co/datasets/ARTPARK-IISc/Vaani
ReazonSpeech,"~35,000",Japanese,Large-scale Japanese speech corpus derived from broadcast recordings for ASR.,Apache 2.0,https://huggingface.co/datasets/reazon-research/reazonspeech
WaxalNLP,N/A,African languages,Multilingual African language speech dataset by Google for ASR research.,CC-BY-4.0,https://huggingface.co/datasets/google/WaxalNLP
Anim400K,"~400,000 clips",Japanese,400K anime voice clips with transcriptions for speech synthesis and recognition.,Research use,https://huggingface.co/datasets/davidchan/anim400k
MultiMed-ST,N/A,Multilingual,Multilingual medical speech translation dataset for healthcare ASR/ST.,CC-BY-4.0,https://huggingface.co/datasets/leduckhai/MultiMed-ST
UrduMegaSpeech,N/A,Urdu,Large-scale Urdu speech dataset for ASR research.,CC-BY-4.0,https://huggingface.co/datasets/humair025/UrduMegaSpeech
Banque Sonore Dialectes Bretons,N/A,Breton,Audio recordings of Breton dialects for language preservation and ASR.,CC-BY-SA-4.0,https://huggingface.co/datasets/Bretagne/Banque_Sonore_Dialectes_Bretons
LibriTTS-R (OpenSLR 141),~585,English,Restored version of LibriTTS with speech restoration for improved audio quality. Same alignments as LibriTTS.,CC-BY-4.0,https://www.openslr.org/141/
EveryAyah,~80,Arabic,Full Quran recitation dataset with 127K+ audio segments by multiple reciters. Used for Quranic ASR.,CC-BY-NC-4.0,https://huggingface.co/datasets/tarteel-ai/everyayah
GOAI Moore Speech Corpora,N/A,Moore,Speech corpus for the Moore language (Burkina Faso) for ASR development.,CC-BY-4.0,https://huggingface.co/datasets/goaicorp/GOAI-MooreSpeechCorpora
CaFE,~1,French,Canadian French Emotional speech dataset. 6 sentences by 12 speakers with multiple emotions.,Research use,https://zenodo.org/records/1478765
EMOVO,~1,Italian,"Italian emotional speech dataset. 6 actors, 14 sentences, 6 emotions.",CC-BY-NC-SA-4.0,https://aclanthology.org/L14-1478/
Keio-ESD,~5,Japanese,Japanese emotional speech dataset by a male speaker with 47 emotion categories.,Research use,https://github.com/YutoSuzuki03/Keio-ESD
WHAM!,~100,English,Wall Street Journal Hipster Ambient Mixtures. Noisy speech dataset for source separation with ambient noise.,CC-BY-NC-4.0,https://wham.whisper.ai/
wsj0-mix,~30,English,Speech separation dataset derived from WSJ0 corpus. 2-speaker and 3-speaker mixtures for cocktail party problem.,LDC License,https://www.merl.com/demos/deep-clustering
VoiceBank-DEMAND,~30,English,Parallel clean-noisy speech pairs from Voice Bank corpus mixed with DEMAND noise for speech enhancement.,CC-BY-4.0,https://datashare.ed.ac.uk/handle/10283/2791
DCASE 2020 Task 4 (DESED),~20,N/A (sound events),Domestic Environment Sound Event Detection dataset. Synthetic and real recordings of 10 sound event classes.,MIT,https://github.com/turpaultn/DESED
VCC 2018,~5,English,Voice Conversion Challenge 2018 dataset with parallel and non-parallel utterances from multiple speakers.,Research use,https://datashare.ed.ac.uk/handle/10283/3061
VCC 2020,~5,English/Multiple,Voice Conversion Challenge 2020 dataset with cross-lingual voice conversion tasks.,Research use,https://github.com/espnet/espnet/tree/master/egs/vcc20
CMU Arctic,~8,English,Speech synthesis databases from Carnegie Mellon University. 4 speakers with ~1150 utterances each.,Research use,http://festvox.org/cmu_arctic/
VIVOS,~15,Vietnamese,Free Vietnamese speech corpus with 15 hours from 65 speakers for ASR research.,CC-BY-SA-4.0,https://ailab.hcmus.edu.vn/vivos
M2VoC,~5,Chinese,Multi-speaker multi-style voice cloning challenge dataset for Chinese speech synthesis.,Research use,https://arxiv.org/abs/2104.11017
DiPCo,~5,English,Dinner Party Corpus for far-field multi-channel conversational speech. 10 sessions.,CC-BY-SA-4.0,https://arxiv.org/abs/1909.13447
DNS Challenge 5.0,N/A,Multilingual,"Deep Noise Suppression Challenge dataset (2023 edition) with clean speech, noise, and room impulse responses.",MIT,https://github.com/microsoft/DNS-Challenge
BAVED,~2,Arabic,Basic Arabic Vocal Emotions Dataset. 1935 recordings by 61 speakers with emotions.,Research use,https://github.com/40uf411/Basic-Arabic-Vocal-Emotions-Dataset
SUBESCO,~7,Bengali,Sustained Bengali Emotional Speech Corpus. 7000 utterances by 20 speakers with 7 emotions.,CC-BY-4.0,https://zenodo.org/records/4526477
Shemo,~3,Persian,"Persian emotional speech dataset with 3,000 utterances by 87 speakers in 6 emotions.",Research use,https://github.com/pariajm/sharif-emotional-speech-dataset
CSTR VCTK Corpus,~44,English,Centre for Speech Technology Research VCTK corpus. 44 hours from 110 English speakers with various accents.,CC-BY-4.0,https://datashare.ed.ac.uk/handle/10283/3443
SpeechCommands v2,~18,English,"Google Speech Commands Dataset v0.02. 105,829 one-second utterances of 35 words by 2,618 speakers.",CC-BY-4.0,https://arxiv.org/abs/1804.03209
TUDA-De,~184,German,German Distant and Close-talk Speech Corpus for ASR. Parliamentary speech data.,CC-BY-4.0,https://www.inf.uni-hamburg.de/en/inst/ab/lt/resources/data/acoustic-models.html
Tatoeba,N/A,Multiple,Multilingual sentence recordings from Tatoeba project. Crowd-sourced audio in many languages.,CC-BY-2.0,https://tatoeba.org/
GlobalPhone,~450,22 languages,Multilingual read speech corpus covering 22 languages. ~20 hours per language.,LDC License,https://catalogue.elra.info/en-us/repository/browse/ELRA-S0196/
Babel,N/A,25 languages,IARPA Babel program multilingual speech corpus for low-resource language ASR.,LDC License,https://www.iarpa.gov/research-programs/babel
MagicHub Datasets,N/A,Multiple,Collection of free open-source speech datasets from MagicHub covering multiple languages.,Various,https://magichub.com/
IndicVoices,"~7,348",22 Indian languages,"Large-scale multilingual Indian speech dataset with natural and read speech from 16,237 speakers.",CC-BY-4.0,https://ai4bharat.iitm.ac.in/
M4Singer,~30,Chinese,Multi-style multi-singer singing voice dataset with 700 songs from 20 singers.,CC-BY-NC-4.0,https://github.com/M4Singer/M4Singer
PopCS,~5,Chinese,Popular Chinese Songs corpus for singing voice synthesis research.,CC-BY-NC-4.0,https://github.com/MoonInTheRiver/DiffSinger
NUS-48E,~2,English,NUS Sung and Spoken Lyrics Corpus. 48 English songs with aligned singing and spoken versions.,Research use,https://smcnus.comp.nus.edu.sg/nus-48e-sung-and-spoken-lyrics-corpus/
NHSS,~7,English,NHK-NTT Hybrid Singing-Speech dataset for joint singing/speech synthesis.,Research use,https://arxiv.org/abs/2111.02447
ACE Challenge,N/A,N/A (acoustic),Acoustic Characterization of Environments challenge dataset with room impulse responses and noise.,CC-BY-4.0,https://www.ee.ic.ac.uk/naylor/ACECorpus/
WHAMR!,~100,English,Extension of WHAM! with reverberant conditions for noisy reverberant speech separation.,CC-BY-NC-4.0,https://wham.whisper.ai/
SpatialLibriSpeech,"~1,000",English,Spatialized version of LibriSpeech with simulated room acoustics for multi-channel ASR.,CC-BY-4.0,https://github.com/facebookresearch/SpatialLibriSpeech
Genshin Voice,N/A,Japanese/Chinese/English/Korean,Genshin Impact character voice dataset extracted from game with 424K+ audio clips.,Game assets (unofficial),https://huggingface.co/datasets/simon3000/genshin-voice
MOSEL,"~15,000",Many languages,Massively Open-source Speech and Evaluation Library. Large multilingual speech corpus.,CC-BY-4.0,https://arxiv.org/abs/2310.10707
OWSM,"~180,000",Multiple,Open Whisper-Style Multilingual data for training large-scale speech models.,Various open licenses,https://arxiv.org/abs/2309.13876
Tedlium 2,~207,English,TED-LIUM release 2 with 207 hours of TED talk speech and aligned transcriptions.,CC-BY-NC-ND-3.0,https://www.openslr.org/19/
